<?xml version="1.0" encoding="GB2312"?>
<Metadata>
  <MapSheetInformation>
    <ProductName>GlobeLand30</ProductName>
    <MapSheetName>S37_00</MapSheetName>
    <ReferenceCoordinateSystem>WGS84</ReferenceCoordinateSystem>
    <ElevationSystem>EGM96</ElevationSystem>
    <MapProject>UTM</MapProject>
    <LongitudeRange>E0360000-0420000</LongitudeRange>
    <LatitudeRange>S000000-050000</LatitudeRange>
    <SixDegreesZoneNumber>37</SixDegreesZoneNumber>
    <CentralMeridian>E039</CentralMeridian>
    <CoordinateUnit>meter</CoordinateUnit>
    <XcoordinateConstant>500000 Meters</XcoordinateConstant>
  </MapSheetInformation>
  <ProductInformation>
    <Year>2010</Year>
    <SpatialResolution>30</SpatialResolution>
    <LandCoverImageFomat>GeoTiff</LandCoverImageFomat>
    <LandCoverImageMode>IndexColor</LandCoverImageMode>
    <FormatofCoordinateFile>TFW</FormatofCoordinateFile>
    <SouthWestAbs>167286.20</SouthWestAbs>
    <SouthWestOrd>9446576.01</SouthWestOrd>
    <NouthWestAbs>166021.44</NouthWestAbs>
    <NorthWestOrd>10000000.00</NorthWestOrd>
    <NorthEastAbs>833978.56</NorthEastAbs>
    <NorthEastOrd>10000000.00</NorthEastOrd>
    <SouthEastAbs>832713.80</SouthEastAbs>
    <SouthEastOrd>9446576.01</SouthEastOrd>
    <ImageSource>TM</ImageSource>
    <ImageSourceInfomationFileFormat>SHP</ImageSourceInfomationFileFormat>
    <FirstClassNumber>10</FirstClassNumber>
    <FirstClassListandValue>
      <Croplands>10</Croplands>
      <Forests>20</Forests>
      <Grasslands>30</Grasslands>
      <Shrublands>40</Shrublands>
      <Wetland>50</Wetland>
      <Waterbodies>60</Waterbodies>
      <Tundra>70</Tundra>
      <Imperviousarea>80</Imperviousarea>
      <Barrenland>90</Barrenland>
      <PermanentSnowOrIce>100</PermanentSnowOrIce>
    </FirstClassListandValue>
  </ProductInformation>
  <ProductionAndCopyrightInformation>
    <Producer>Sichuan Administration of Surveying Mapping and Geoinformation</Producer>
    <ProduceDate>2013</ProduceDate>
    <Copyrightowners>National Administration of Surveying Mapping and Geoinformation of China(NASG) National Geomatics Center of China(NGCC)</Copyrightowners>
    <Distributor>National Geomatics Center of China</Distributor>
    <Address>No.28 Lianhuachixi Road, Haidian District, Beijing, China</Address>
    <PostCode>100830</PostCode>
    <Tel>0086-63880127</Tel>
    <Fax>0086-63880217</Fax>
    <WebSite>www.ngcc.cn www.globallandcover.com</WebSite>
    <Email>glc@ngcc.cn</Email>
  </ProductionAndCopyrightInformation>
</Metadata>